filename,width,height,class,xmin,ymin,xmax,ymax
1 (1).jpg,4128,2322,apple,1705,672,2682,1600
1 (20).jpg,4128,2322,apple,1685,483,2814,1577
1 (21).jpg,4128,2322,apple,1485,589,2728,1857
1 (22).jpg,2688,1520,apple,1034,71,1941,1140
1 (24).jpg,2688,1520,apple,1206,331,1819,1034
1 (25).jpg,2688,1520,apple,1041,182,1846,1067
1 (29).jpg,2688,1520,apple,1034,198,1810,927
1 (30).jpg,2688,1520,apple,1065,422,1694,1049
1 (31).jpg,2688,1520,apple,1032,254,1806,1178
1 (32).jpg,2688,1520,apple,1157,447,1777,1029
1 (33).jpg,2688,1520,apple,988,322,1757,1027
1 (34).jpg,2688,1520,apple,943,336,1759,1096
1 (35).jpg,2688,1520,apple,1188,302,1952,1087
1 (36).jpg,2688,1520,apple,1074,293,1821,1002
1 (37).jpg,2688,1520,apple,1135,182,2055,1098
1 (39).jpg,4128,2322,apple,1662,475,2817,1575
1 (40).jpg,4128,2322,apple,1505,583,2714,1852
1 (41).jpg,2688,1520,apple,1015,83,1937,1133
1 (43).jpg,2688,1520,apple,1203,329,1824,1029
1 (44).jpg,2688,1520,apple,1043,169,1835,1074
1 (45).jpg,2688,1520,apple,928,354,1630,1103
1 (46).jpg,2688,1520,apple,888,343,1657,1147
1 (47).jpg,2688,1520,apple,897,300,1632,1103
1 (48).jpg,2688,1520,apple,1008,143,1823,958
1 (49).jpg,2688,1520,apple,1048,385,1690,1056
1 (51).jpg,2688,1520,apple,1150,440,1779,1027
1 (53).jpg,2688,1520,apple,939,318,1770,1103
1 (54).jpg,2688,1520,apple,1219,302,1957,1098
1 (56).jpg,2688,1520,apple,1136,199,2062,1085
1 (57).jpg,2688,1520,apple,970,207,1932,1093
1 (58).jpg,2688,1520,apple,988,87,1812,942
1 (59).jpg,2688,1520,apple,1054,3,1917,931
1 (60).jpg,2688,1520,apple,961,1,1841,951
1 (61).jpg,2688,1520,apple,1002,24,1853,978
1 (62).jpg,2688,1520,apple,1000,284,1780,1084
1 (63).jpg,2688,1520,apple,1179,132,2028,923
1 (64).jpg,2688,1520,apple,1107,209,1956,1034
1 (65).jpg,2688,1520,apple,1052,334,1655,889
1 (66).jpg,2688,1520,apple,1064,323,1788,1053
1 (67).jpg,2688,1520,apple,910,94,1774,945
1 (68).jpg,2688,1520,apple,1124,285,1781,969
1 (69).jpg,2688,1520,apple,1015,274,1763,1131
1 (71).jpg,2688,1520,apple,961,123,1984,1325
1 (72).jpg,2688,1520,apple,919,211,1690,1040
1 (73).jpg,2688,1520,apple,944,196,1870,1194
1 (74).jpg,2688,1520,apple,1014,205,1870,1109
1 (75).jpg,2688,1520,apple,961,178,1832,1218
1 (76).jpg,2688,1520,apple,1043,129,1885,1165
1 (77).jpg,2688,1520,apple,1021,85,1879,1040
1 (79).jpg,2688,1520,apple,1021,338,1875,1396
1 (81).jpg,2688,1520,apple,1059,363,1637,1014
1 (82).jpg,2688,1520,apple,1054,265,1708,1007
1 (83).jpg,2688,1520,apple,1063,447,1623,1040
1 (84).jpg,2688,1520,apple,928,376,1644,1087
1 (85).jpg,2688,1520,apple,1215,413,1795,974
1 (86).jpg,2688,1520,apple,1017,489,1612,1067
1 (87).jpg,2688,1520,apple,1152,576,1641,1051
1 (88).jpg,2688,1520,apple,1012,369,1741,1062
1 (89).jpg,2688,1520,apple,1095,314,1821,1033
2 (1).jpg,4128,2322,apple,1631,689,2705,1717
2 (10).jpg,4128,2322,apple,1602,257,2885,1740
2 (11).jpg,4128,2322,apple,1514,20,3002,1735
2 (13).jpg,4128,2322,apple,1480,69,2931,1755
2 (14).jpg,4128,2322,apple,1414,72,2948,1763
2 (15).jpg,4128,2322,apple,1354,420,3025,1957
2 (16).jpg,4128,2322,apple,1354,397,3002,1937
2 (17).jpg,4128,2322,apple,1585,657,2817,1835
2 (19).jpg,4128,2322,apple,1488,569,2831,1843
2 (2).jpg,4128,2322,apple,1668,695,2674,1717
2 (20).jpg,4128,2322,apple,1454,580,2825,1849
2 (21).jpg,4128,2322,apple,1474,449,2937,1940
2 (22).jpg,4128,2322,apple,1471,469,2951,1920
2 (23).jpg,4128,2322,apple,1448,275,2857,1675
2 (24).jpg,4128,2322,apple,1482,295,2871,1695
2 (25).jpg,4128,2322,apple,1414,112,2922,1623
2 (26).jpg,4128,2322,apple,1420,100,2940,1629
2 (27).jpg,4128,2322,apple,1474,252,2822,1603
2 (28).jpg,4128,2322,apple,1265,272,2885,1846
2 (29).jpg,4128,2322,apple,1251,292,2811,1795
2 (3).jpg,4128,2322,apple,1677,357,3120,1817
2 (32).jpg,4128,2322,apple,1588,426,2928,1712
2 (33).jpg,4128,2322,apple,1448,415,2948,1857
2 (35).jpg,4128,2322,apple,1577,229,3111,1900
2 (36).jpg,4128,2322,apple,1311,363,2848,1892
2 (37).jpg,4128,2322,apple,1411,229,2982,1820
2 (38).jpg,4128,2322,apple,1588,335,3034,1701
2 (39).jpg,4128,2322,apple,1251,426,2774,1846
2 (4).jpg,4128,2322,apple,1757,372,3100,1826
2 (40).jpg,4128,2322,apple,1245,389,2528,1657
2 (41).jpg,4128,2322,apple,1597,520,2788,1752
2 (42).jpg,4128,2322,apple,1620,452,3088,1717
2 (43).jpg,4128,2322,apple,1748,463,3365,1817
2 (44).jpg,4128,2322,apple,1497,355,3068,1666
2 (45).jpg,4128,2322,apple,1622,623,2820,1643
2 (46).jpg,4128,2322,apple,1822,592,2951,1692
2 (47).jpg,4128,2322,apple,1631,437,2797,1512
2 (5).jpg,2322,4128,apple,590,1559,1954,2827
2 (6).jpg,2322,4128,apple,604,1536,1990,2832
2 (7).jpg,2322,4128,apple,467,1518,1867,2814
2 (8).jpg,2322,4128,apple,440,1468,1908,2832
2 (9).jpg,4128,2322,apple,1520,243,3020,1760
3 (10).jpg,3264,2448,apple,1156,402,2730,1855
3 (101).jpg,3264,2448,apple,1001,339,2619,1787
3 (102).jpg,3264,2448,apple,982,313,2648,1792
3 (103).jpg,3264,2448,apple,1003,305,2593,1763
3 (104).jpg,3264,2448,apple,956,315,2585,1765
3 (105).jpg,3264,2448,apple,1006,371,2601,1768
3 (106).jpg,3264,2448,apple,972,368,2551,1768
3 (108).jpg,3264,2448,apple,964,363,2546,1755
3 (109).jpg,3264,2448,apple,985,308,2548,1668
3 (11).jpg,3264,2448,apple,1119,237,2624,1658
3 (110).jpg,3264,2448,apple,972,300,2551,1665
3 (111).jpg,3264,2448,apple,927,321,2553,1671
3 (112).jpg,3264,2448,apple,998,318,2596,1718
3 (113).jpg,3264,2448,apple,988,339,2577,1721
3 (114).jpg,3264,2448,apple,967,331,2574,1729
3 (115).jpg,3264,2448,apple,932,294,2527,1679
3 (116).jpg,3264,2448,apple,956,326,2519,1679
3 (117).jpg,3264,2448,apple,969,334,2535,1692
3 (118).jpg,3264,2448,apple,938,368,2611,1776
3 (119).jpg,3264,2448,apple,961,363,2598,1763
3 (12).jpg,3264,2448,apple,1006,463,2640,2008
3 (120).jpg,3264,2448,apple,859,444,2530,1921
3 (121).jpg,3264,2448,apple,832,455,2517,1931
3 (122).jpg,3264,2448,apple,867,434,2517,1913
3 (123).jpg,3264,2448,apple,969,358,2585,1773
3 (126).jpg,3264,2448,apple,877,394,2574,1800
3 (127).jpg,3264,2448,apple,709,321,2419,1750
3 (129).jpg,3264,2448,apple,680,321,2430,1739
3 (13).jpg,3264,2448,apple,946,381,2653,2031
3 (130).jpg,3264,2448,apple,685,160,2490,1639
3 (131).jpg,3264,2448,apple,696,165,2496,1642
3 (133).jpg,2448,3264,apple,642,728,2064,2366
3 (134).jpg,2448,3264,apple,604,635,2077,2331
3 (135).jpg,2448,3264,apple,614,680,2011,2263
3 (136).jpg,2448,3264,apple,635,680,2011,2169
3 (139).jpg,3264,2448,apple,669,192,2677,2334
3 (14).jpg,3264,2448,apple,814,444,2653,2268
3 (140).jpg,3264,2448,apple,1253,413,2514,1573
3 (141).jpg,3264,2448,apple,1061,242,2514,1663
3 (143).jpg,3264,2448,apple,998,94,2601,1742
3 (144).jpg,3264,2448,apple,832,10,2685,1968
3 (145).jpg,3264,2448,apple,790,237,2588,2321
3 (146).jpg,3264,2448,apple,688,231,2624,2448
3 (15).jpg,3264,2448,apple,1261,350,2359,1473
3 (16).jpg,3264,2448,apple,1132,237,2285,1444
3 (19).jpg,3264,2448,apple,1053,200,2406,1623
3 (2).jpg,3264,2448,apple,730,142,2648,2355
3 (20).jpg,3264,2448,apple,1017,237,2448,1658
3 (22).jpg,3264,2448,apple,906,221,2411,1702
3 (23).jpg,3264,2448,apple,882,292,2443,1800
3 (24).jpg,2448,3264,apple,659,713,2267,2396
3 (25).jpg,3264,2448,apple,753,139,2411,1747
3 (28).jpg,3264,2448,apple,1403,129,2853,1592
3 (29).jpg,3264,2448,apple,1319,213,2724,1629
3 (30).jpg,3264,2448,apple,1319,139,2764,1581
3 (31).jpg,3264,2448,apple,1338,355,2772,1802
3 (32).jpg,3264,2448,apple,1261,473,2824,2060
3 (33).jpg,3264,2448,apple,1088,418,2361,1647
3 (34).jpg,3264,2448,apple,1156,637,2493,1939
3 (35).jpg,3264,2448,apple,1040,497,2577,1952
3 (36).jpg,3264,2448,apple,785,221,2622,2050
3 (37).jpg,3264,2448,apple,517,21,2548,2065
3 (4).jpg,3264,2448,apple,1027,84,2517,1723
3 (40).jpg,3264,2448,apple,882,581,2301,1865
3 (41).jpg,3264,2448,apple,946,558,2417,1868
3 (42).jpg,3264,2448,apple,717,644,2403,2126
3 (44).jpg,3264,2448,apple,743,302,2538,1931
3 (45).jpg,3264,2448,apple,759,292,2632,2023
3 (46).jpg,3264,2448,apple,651,252,2756,2084
3 (47).jpg,3264,2448,apple,609,200,2824,2155
3 (49).jpg,3264,2448,apple,1043,218,2580,1784
3 (5).jpg,3264,2448,apple,748,331,2369,2097
3 (51).jpg,3264,2448,apple,901,100,2880,2184
3 (52).jpg,3264,2448,apple,935,58,2919,2252
3 (53).jpg,3264,2448,apple,564,5,2685,2423
3 (54).jpg,3264,2448,apple,677,10,3009,2402
3 (55).jpg,3264,2448,apple,540,26,2972,2439
3 (56).jpg,3264,2448,apple,893,160,2648,1926
3 (57).jpg,2448,3264,apple,773,559,2277,2114
3 (60).jpg,2448,3264,apple,504,1401,1738,2698
3 (61).jpg,2448,3264,apple,414,1418,1601,2759
3 (62).jpg,2448,3264,apple,576,1494,1749,2773
3 (63).jpg,2448,3264,apple,449,1431,1701,2800
3 (64).jpg,2448,3264,apple,342,1494,1611,2904
3 (65).jpg,2448,3264,apple,363,1490,1611,2914
3 (66).jpg,2448,3264,apple,359,1514,1614,2904
3 (67).jpg,2448,3264,apple,552,1314,1901,2807
3 (69).jpg,2448,3264,apple,542,1325,1907,2811
3 (7).jpg,3264,2448,apple,393,234,2511,2439
3 (70).jpg,2448,3264,apple,552,1131,1994,2628
3 (71).jpg,2448,3264,apple,576,1142,2014,2628
3 (72).jpg,2448,3264,apple,580,1131,2004,2638
3 (73).jpg,2448,3264,apple,573,1176,2112,2766
3 (75).jpg,2448,3264,apple,570,1180,2108,2745
3 (76).jpg,2448,3264,apple,435,1280,2028,2942
3 (77).jpg,2448,3264,apple,452,1283,2042,2931
3 (78).jpg,2448,3264,apple,370,1256,2011,2994
3 (79).jpg,2448,3264,apple,363,1214,2028,2997
3 (8).jpg,3264,2448,apple,1106,168,2556,1550
3 (81).jpg,2448,3264,apple,445,1266,2042,2918
3 (82).jpg,2448,3264,apple,183,1173,1970,3014
3 (83).jpg,2448,3264,apple,214,1204,1986,2998
3 (84).jpg,2448,3264,apple,194,1163,2146,3173
3 (85).jpg,2448,3264,apple,221,1131,2126,3169
3 (86).jpg,2448,3264,apple,214,1197,1970,3007
3 (87).jpg,2448,3264,apple,280,1052,2236,3038
3 (88).jpg,2448,3264,apple,259,1063,2240,3035
3 (89).jpg,2448,3264,apple,242,1056,2243,3045
3 (9).jpg,3264,2448,apple,1096,210,2580,1589
3 (90).jpg,2448,3264,apple,204,987,2240,3000
3 (91).jpg,2448,3264,apple,221,963,2302,2987
3 (93).jpg,2448,3264,apple,118,1011,2377,3173
3 (94).jpg,2448,3264,apple,139,1025,2448,3166
3 (95).jpg,2448,3264,apple,94,1021,2428,3183
3 (96).jpg,3264,2448,apple,243,79,2406,2448
3 (97).jpg,3264,2448,apple,248,60,2382,2448
3 (98).jpg,3264,2448,apple,224,92,2430,2434
3 (99).jpg,3264,2448,apple,388,8,2643,2289
4 (1).jpg,2448,3264,apple,580,352,1932,1718
4 (10).jpg,2448,3264,apple,214,1173,2115,3166
4 (11).jpg,3264,2448,apple,930,142,2343,1663
4 (12).jpg,3264,2448,apple,927,176,2322,1660
4 (13).jpg,3264,2448,apple,953,165,2330,1663
4 (14).jpg,3264,2448,apple,969,200,2324,1660
4 (15).jpg,3264,2448,apple,993,402,2311,1797
4 (16).jpg,3264,2448,apple,982,415,2317,1802
4 (17).jpg,3264,2448,apple,969,413,2296,1800
4 (18).jpg,3264,2448,apple,985,363,2317,1805
4 (20).jpg,3264,2448,apple,719,187,2143,1676
4 (21).jpg,3264,2448,apple,722,181,2151,1676
4 (22).jpg,3264,2448,apple,714,192,2159,1687
4 (23).jpg,3264,2448,apple,630,160,2161,1773
4 (24).jpg,3264,2448,apple,635,142,2174,1763
4 (25).jpg,3264,2448,apple,624,144,2198,1737
4 (26).jpg,3264,2448,apple,619,144,2174,1734
4 (27).jpg,3264,2448,apple,1132,1,2798,1673
4 (28).jpg,3264,2448,apple,1177,8,2796,1676
4 (29).jpg,3264,2448,apple,1140,5,2782,1663
4 (31).jpg,3264,2448,apple,1332,271,2485,1447
4 (32).jpg,3264,2448,apple,1332,279,2519,1447
4 (35).jpg,3264,2448,apple,1311,113,2619,1397
4 (38).jpg,3264,2448,apple,1203,176,2622,1529
4 (4).jpg,2448,3264,apple,614,204,2039,1649
4 (41).jpg,3264,2448,apple,830,102,2580,1808
4 (42).jpg,3264,2448,apple,846,74,2685,1800
4 (43).jpg,3264,2448,apple,746,92,2480,1792
4 (44).jpg,3264,2448,apple,748,223,2456,1887
4 (45).jpg,3264,2448,apple,738,252,2427,1937
4 (46).jpg,2448,3264,apple,435,335,2333,2214
4 (47).jpg,2448,3264,apple,442,294,2274,2145
4 (48).jpg,2448,3264,apple,532,445,2233,2204
4 (49).jpg,2448,3264,apple,518,531,2126,2166
4 (5).jpg,2448,3264,apple,849,356,2284,1838
4 (6).jpg,2448,3264,apple,749,528,2174,1969
4 (7).jpg,2448,3264,apple,756,542,2167,1987
4 (8).jpg,2448,3264,apple,787,328,2308,1828
5 (1).JPG,4000,2248,apple,753,543,1964,1568
5 (11).JPG,4000,2248,apple,764,926,1526,1724
5 (12).JPG,4000,2248,apple,739,926,1553,1707
5 (13).JPG,4000,2248,apple,739,957,1620,1726
5 (14).JPG,4000,2248,apple,753,960,1628,1707
5 (15).JPG,4000,2248,apple,673,738,1501,1471
5 (16).JPG,4000,2248,apple,678,726,1481,1463
5 (17).JPG,4000,2248,apple,489,874,1351,1654
5 (18).JPG,4000,2248,apple,495,888,1323,1649
5 (2).JPG,4000,2248,apple,726,532,1956,1574
5 (20).JPG,4000,2248,apple,831,663,1748,1563
5 (21).JPG,4000,2248,apple,770,815,1631,1657
5 (22).JPG,4000,2248,apple,745,824,1617,1660
5 (23).JPG,4000,2248,apple,634,907,1412,1629
5 (24).JPG,4000,2248,apple,623,904,1459,1640
5 (25).JPG,4000,2248,apple,1437,1319,2220,1988
5 (26).JPG,4000,2248,apple,1426,1310,2245,2001
5 (27).JPG,4000,2248,apple,1864,1210,2726,1943
5 (28).JPG,4000,2248,apple,1884,1224,2676,1946
5 (29).JPG,4000,2248,apple,1511,1093,2303,1826
5 (3).JPG,4000,2248,apple,451,410,1631,1396
5 (30).JPG,4000,2248,apple,1576,1090,2323,1835
5 (31).JPG,4000,2248,apple,1495,940,2251,1679
5 (32).JPG,4000,2248,apple,1498,935,2312,1679
5 (33).JPG,4000,2248,apple,1678,1071,2487,1782
5 (34).JPG,4000,2248,apple,1670,1054,2459,1793
5 (35).JPG,4000,2248,apple,1134,660,2031,1543
5 (36).JPG,4000,2248,apple,1128,668,2051,1549
5 (37).JPG,4000,2248,apple,2009,688,2876,1585
5 (38).JPG,4000,2248,apple,2001,688,2873,1582
5 (41).JPG,4000,2248,apple,762,143,1751,1254
5 (43).JPG,4000,2248,apple,420,415,1464,1521
5 (45).JPG,4000,2248,apple,1228,490,2326,1638
5 (46).JPG,4000,2248,apple,664,324,1934,1557
5 (47).JPG,4000,2248,apple,706,304,1828,1554
5 (48).JPG,4000,2248,apple,595,690,1703,1818
5 (49).JPG,4000,2248,apple,609,657,1698,1801
5 (5).JPG,4000,2248,apple,614,718,1573,1610
5 (50).JPG,4320,2432,apple,667,421,1800,1630
5 (52).JPG,4320,2432,apple,611,130,1656,1168
5 (53).JPG,4320,2432,apple,714,674,1806,1780
5 (54).JPG,4320,2432,apple,697,659,1809,1786
5 (55).JPG,4320,2432,apple,817,795,2000,1880
5 (57).JPG,4320,2432,apple,591,347,1691,1459
5 (58).JPG,4320,2432,apple,588,321,1688,1453
5 (59).JPG,2248,4000,apple,930,2530,1765,3339
5 (6).JPG,4000,2248,apple,642,724,1570,1588
5 (61).JPG,4000,2248,apple,587,443,1606,1515
5 (62).JPG,4000,2248,apple,573,440,1623,1510
5 (63).JPG,4000,2248,apple,851,304,1903,1446
5 (64).JPG,4000,2248,apple,851,318,1903,1438
5 (67).JPG,4320,2432,apple,691,462,1788,1615
5 (7).JPG,4000,2248,apple,595,885,1426,1774
5 (70).JPG,4320,2432,apple,591,177,1644,1174
5 (71).JPG,4320,2432,apple,609,171,1617,1165
5 (73).JPG,4320,2432,apple,714,662,1785,1783
5 (74).JPG,4000,2248,apple,723,1071,1639,1821
5 (76).JPG,4000,2248,apple,1428,1313,2187,1993
5 (77).JPG,4000,2248,apple,1448,1313,2159,1988
5 (8).JPG,4000,2248,apple,592,924,1439,1765
5 (9).JPG,4000,2248,apple,478,824,1306,1588
5 (9).JPG,4320,2432,banana,550,195,2785,1742
5 (10).JPG,4320,2432,banana,538,168,2797,1739
5 (13).JPG,4320,2432,banana,341,327,2673,1827
5 (14).JPG,4320,2432,banana,326,292,2591,1836
5 (15).JPG,4320,2432,banana,347,283,2632,1824
5 (16).JPG,4320,2432,banana,370,321,2629,1833
5 (17).JPG,4320,2432,banana,279,609,3029,1856
5 (19).JPG,4320,2432,banana,176,601,3003,1862
5 (20).JPG,4320,2432,banana,303,609,2926,1862
5 (22).JPG,4320,2432,banana,738,524,3691,1706
5 (24).JPG,4320,2432,banana,714,485,3699,1665
5 (27).JPG,4320,2432,banana,464,542,2914,1433
5 (31).JPG,4320,2432,banana,794,568,3323,1495
5 (26).JPG,4320,2432,banana,426,512,2947,1430
5 (3).JPG,4320,2432,banana,211,871,2600,1942
5 (28).JPG,4320,2432,banana,473,536,2944,1439
5 (29).JPG,4320,2432,banana,782,577,3320,1456
5 (30).JPG,4320,2432,banana,797,550,3317,1465
5 (32).JPG,4320,2432,banana,800,583,3308,1448
5 (33).JPG,4320,2432,banana,897,286,2864,2139
5 (34).JPG,4320,2432,banana,906,292,2835,2109
5 (35).JPG,4320,2432,banana,891,286,2838,2174
5 (36).JPG,4320,2432,banana,920,283,2832,2189
5 (37).JPG,4320,2432,banana,332,227,2720,1995
5 (38).JPG,4320,2432,banana,320,221,2709,2012
5 (1).JPG,4320,2432,banana,232,859,2606,1936
5 (39).JPG,4320,2432,banana,341,221,2764,1992
5 (41).JPG,4320,2432,banana,241,303,3009,1827
5 (42).JPG,4320,2432,banana,223,294,3065,1912
5 (45).JPG,4320,2432,banana,244,136,3176,1324
5 (47).JPG,4320,2432,banana,229,147,3191,1336
5 (48).JPG,4320,2432,banana,214,106,3197,1321
5 (49).JPG,4320,2432,banana,479,242,3361,1283
5 (51).JPG,4320,2432,banana,488,303,3361,1277
5 (52).JPG,4320,2432,banana,497,342,3406,1268
5 (53).JPG,4320,2432,banana,779,133,3659,1345
5 (54).JPG,4320,2432,banana,797,115,3638,1347
5 (55).JPG,4320,2432,banana,803,177,3656,1350
5 (56).JPG,4320,2432,banana,761,145,3688,1362
5 (57).JPG,4320,2432,banana,1250,192,2526,2030
5 (58).JPG,4320,2432,banana,1241,186,2461,2083
5 (5).JPG,4320,2432,banana,691,615,3097,1795
5 (59).JPG,4320,2432,banana,1232,174,2453,2080
5 (62).JPG,4320,2432,banana,738,227,3317,1927
5 (65).JPG,4320,2432,banana,382,430,3888,1418
5 (66).JPG,4320,2432,banana,359,462,3861,1430
5 (68).JPG,4320,2432,banana,338,462,3888,1400
5 (69).JPG,4320,2432,banana,426,362,4035,1324
5 (72).JPG,4320,2432,banana,438,380,4006,1336
5 (6).JPG,4320,2432,banana,694,633,3061,1774
5 (76).JPG,4320,2432,banana,85,271,2588,2047
5 (77).JPG,4320,2432,banana,567,424,3126,1680
5 (78).JPG,4320,2432,banana,544,418,3132,1659
5 (79).JPG,4320,2432,banana,359,345,3314,1568
5 (80).JPG,4320,2432,banana,370,403,3276,1550
5 (81).JPG,4320,2432,banana,1179,130,2388,2000
5 (83).JPG,4320,2432,banana,1203,159,2332,2006
5 (60).JPG,4320,2432,banana,1241,165,2473,2071
5 (7).JPG,4320,2432,banana,682,618,3070,1780
5 (67).JPG,4320,2432,banana,373,433,3861,1403
5 (74).JPG,4320,2432,banana,73,277,2561,2059
5 (75).JPG,4320,2432,banana,106,283,2553,2047
5 (82).JPG,4320,2432,banana,1206,168,2417,1997
5 (2).JPG,4320,2432,banana,247,809,2591,1942
5 (1).JPG,4320,2432,grape,1694,347,3070,1921
5 (10).JPG,4320,2432,grape,1194,124,2870,1924
5 (13).JPG,4320,2432,grape,1585,353,2929,1992
5 (16).JPG,4320,2432,grape,1232,280,2579,1709
5 (12).JPG,4320,2432,grape,1279,180,2759,1700
5 (14).JPG,4320,2432,grape,1614,430,2867,1986
5 (15).JPG,4320,2432,grape,1200,283,2620,1695
5 (17).JPG,4320,2432,grape,1661,527,2941,1936
5 (18).JPG,4320,2432,grape,1653,521,2929,1950
5 (2).JPG,4320,2432,grape,1691,324,3050,1915
5 (20).JPG,4320,2432,grape,1673,556,2959,1909
5 (21).JPG,4320,2432,grape,1041,153,2803,1624
5 (22).JPG,4320,2432,grape,1076,156,2791,1639
5 (23).JPG,4320,2432,grape,1064,74,3676,1550
5 (24).JPG,4320,2432,grape,1073,62,3564,1597
5 (25).JPG,4320,2432,grape,1576,324,3067,2021
5 (26).JPG,4320,2432,grape,1606,309,3073,2024
5 (27).JPG,4320,2432,grape,1038,374,3117,1897
5 (28).JPG,4320,2432,grape,1067,356,3100,1856
5 (3).JPG,4320,2432,grape,1461,280,2882,1974
5 (32).JPG,4320,2432,grape,1306,445,2873,1774
5 (33).JPG,4320,2432,grape,979,112,3111,1780
5 (34).JPG,4320,2432,grape,982,136,3117,1747
5 (5).JPG,4320,2432,grape,1541,124,3264,2212
5 (6).JPG,4320,2432,grape,1547,133,3253,2239
5 (7).JPG,4320,2432,grape,1326,53,2994,1739
5 (8).JPG,4320,2432,grape,1329,59,3006,1736
5 (9).JPG,4320,2432,grape,1223,95,2876,1906
6 (1).JPG,4320,2432,apple,826,818,1914,1877
6 (10).JPG,4000,2248,apple,848,301,1895,1440
6 (11).JPG,4000,2248,apple,692,213,1689,1257
6 (12).JPG,4000,2248,apple,678,190,1698,1276
6 (13).JPG,4000,2248,apple,962,710,2039,1793
6 (14).JPG,4000,2248,apple,959,696,2045,1807
6 (15).JPG,4000,2248,apple,756,543,1959,1571
6 (17).JPG,4000,2248,apple,451,410,1589,1393
6 (18).JPG,4000,2248,apple,459,418,1584,1379
6 (19).JPG,4000,2248,apple,551,499,1639,1432
6 (21).JPG,4000,2248,apple,548,496,1634,1435
6 (23).JPG,4000,2248,apple,551,890,1431,1729
6 (24).JPG,4000,2248,apple,587,926,1428,1724
6 (27).JPG,4000,2248,apple,439,807,1370,1624
6 (28).JPG,4000,2248,apple,720,915,1551,1721
6 (29).JPG,4000,2248,apple,742,965,1609,1710
6 (3).JPG,4320,2432,apple,600,353,1694,1462
6 (30).JPG,4000,2248,apple,676,715,1495,1482
6 (33).JPG,4000,2248,apple,767,810,1662,1679
6 (34).JPG,4000,2248,apple,620,882,1420,1654
6 (35).JPG,4000,2248,apple,1873,1199,2648,1946
6 (37).JPG,4000,2248,apple,1520,932,2256,1699
6 (38).JPG,4000,2248,apple,1734,1068,2459,1815
6 (39).JPG,4000,2248,apple,1134,676,2045,1549
6 (40).JPG,4000,2248,apple,2006,693,2856,1585
6 (42).JPG,4000,2248,apple,442,468,1467,1513
6 (44).JPG,4000,2248,apple,726,304,1831,1557
6 (45).JPG,4000,2248,apple,609,685,1706,1821
6 (5).JPG,2248,4000,apple,947,2539,1743,3300
6 (7).JPG,4000,2248,apple,584,426,1609,1521
6 (8).JPG,4000,2248,apple,578,443,1601,1524
6 (9).JPG,4000,2248,apple,848,337,1906,1437
6 (1).JPG,4320,2432,banana,564,415,3120,1671
6 (10).JPG,4320,2432,banana,361,356,3273,1545
6 (12).JPG,4320,2432,banana,1629,142,2800,2280
6 (13).JPG,4320,2432,banana,1626,162,2838,2268
6 (14).JPG,4320,2432,banana,1623,162,2782,2289
6 (15).JPG,4320,2432,banana,1629,159,2761,2283
6 (17).JPG,4320,2432,banana,1638,118,2770,2292
6 (2).JPG,4320,2432,banana,573,418,3120,1677
6 (20).JPG,4320,2432,banana,1220,183,2876,2239
6 (21).JPG,4320,2432,banana,1217,103,2861,2247
6 (22).JPG,4320,2432,banana,1641,192,3106,2245
6 (23).JPG,4320,2432,banana,1629,156,3117,2239
6 (24).JPG,4320,2432,banana,1629,171,3088,2212
6 (25).JPG,4320,2432,banana,1644,174,3103,2236
6 (26).JPG,4320,2432,banana,1606,189,3088,2239
6 (27).JPG,4320,2432,banana,1635,186,3103,2233
6 (28).JPG,4320,2432,banana,1461,150,2829,2418
6 (29).JPG,4320,2432,banana,1459,224,2835,2400
6 (3).JPG,4320,2432,banana,559,386,3129,1671
6 (31).JPG,4320,2432,banana,1447,221,2826,2421
6 (32).JPG,4320,2432,banana,1600,89,2667,2230
6 (30).JPG,4320,2432,banana,1456,121,2879,2424
6 (33).JPG,4320,2432,banana,1591,86,2717,2250
6 (35).JPG,4320,2432,banana,1585,71,2714,2230
6 (4).JPG,4320,2432,banana,285,497,2882,1642
6 (5).JPG,4320,2432,banana,297,486,2900,1645
6 (7).JPG,4320,2432,banana,244,491,2935,1656
6 (8).JPG,4320,2432,banana,261,474,2894,1645
6 (1).JPG,4320,2432,grape,1064,624,2944,2042
6 (1).JPG,4320,2432,grape,1064,624,2944,2042
6 (2).JPG,4320,2432,grape,1073,621,2956,2033
6 (3).JPG,4320,2432,grape,838,159,2967,1653
6 (4).JPG,4320,2432,grape,826,136,2970,1650
6 (5).JPG,4320,2432,grape,1385,580,3397,2039
6 (6).JPG,4320,2432,grape,1367,556,3388,2024
6 (7).JPG,4320,2432,grape,911,427,3138,2127
6 (8).JPG,4320,2432,grape,906,442,3167,2136
6 (10).JPG,4320,2432,grape,917,509,2826,1974
6 (10).JPG,4320,2432,grape,917,509,2826,1974
6 (11).JPG,4320,2432,grape,1023,662,2700,1956
6 (12).JPG,4320,2432,grape,573,136,3041,1818
6 (14).JPG,4320,2432,grape,694,239,2438,1503
6 (16).JPG,4320,2432,grape,1082,518,2897,1959
6 (17).JPG,4320,2432,grape,1070,497,2906,1962
6 (19).JPG,4320,2432,grape,1629,612,3097,2277
6 (20).JPG,4320,2432,grape,1053,415,2782,1821
6 (21).JPG,4320,2432,grape,1061,397,2791,1830
6 (22).JPG,4320,2432,grape,1141,583,2794,1936
6 (23).JPG,4320,2432,grape,917,177,2603,1565
6 (24).JPG,4320,2432,grape,1070,180,2579,1868
6 (26).JPG,4320,2432,grape,979,289,2756,1653
6 (27).JPG,4320,2432,grape,759,421,2835,1586
6 (28).JPG,4320,2432,grape,767,386,2679,1592
6 (29).JPG,4320,2432,grape,1491,697,3126,1906
6 (30).JPG,4320,2432,grape,1488,715,3020,1900
6 (31).JPG,4320,2432,grape,1306,480,3014,1715
